,Date,Gender,Age,Product Category,Quantity,Price per Unit,Total Amount
0,24-11-2023,Male,34,Beauty,3,50,150
1,27-02-2023,Female,26,Clothing,2,500,1000
2,13-01-2023,Male,50,Electronics,1,30,30
3,21-05-2023,Male,37,Clothing,1,500,500
4,06-05-2023,Male,30,Beauty,2,50,100
5,25-04-2023,Female,45,Beauty,1,30,30
6,13-03-2023,Male,46,Clothing,2,25,50
7,22-02-2023,Male,30,Electronics,4,25,100
8,13-12-2023,Male,63,Electronics,2,300,600
9,07-10-2023,Female,52,Clothing,4,50,200
10,14-02-2023,Male,23,Clothing,2,50,100
11,30-10-2023,Male,35,Beauty,3,25,75
12,05-08-2023,Male,22,Electronics,3,500,1500
13,17-01-2023,Male,64,Clothing,4,30,120
14,16-01-2023,Female,42,Electronics,4,500,2000
15,17-02-2023,Male,19,Clothing,3,500,1500
16,22-04-2023,Female,27,Clothing,4,25,100
17,30-04-2023,Female,47,Electronics,2,25,50
18,16-09-2023,Female,62,Clothing,2,25,50
19,05-11-2023,Male,22,Clothing,3,300,900
20,14-01-2023,Female,50,Beauty,1,500,500
21,15-10-2023,Male,18,Clothing,2,50,100
22,12-04-2023,Female,35,Clothing,4,30,120
23,29-11-2023,Female,49,Clothing,1,300,300
24,26-12-2023,Female,64,Beauty,1,50,50
25,07-10-2023,Female,28,Electronics,2,500,1000
26,03-08-2023,Female,38,Beauty,2,25,50
27,23-04-2023,Female,43,Beauty,1,500,500
28,18-08-2023,Female,42,Electronics,1,30,30
29,29-10-2023,Female,39,Beauty,3,300,900
30,23-05-2023,Male,44,Electronics,4,300,1200
31,04-01-2023,Male,30,Beauty,3,30,90
32,23-03-2023,Female,50,Electronics,2,50,100
33,24-12-2023,Female,51,Clothing,3,50,150
34,05-08-2023,Female,58,Beauty,3,300,900
35,24-06-2023,Male,52,Beauty,3,300,900
36,23-05-2023,Female,18,Beauty,3,25,75
37,21-03-2023,Male,38,Beauty,4,50,200
38,21-04-2023,Male,23,Clothing,4,30,120
39,22-06-2023,Male,45,Beauty,1,50,50
40,22-02-2023,Male,34,Clothing,2,25,50
41,17-02-2023,Male,22,Clothing,3,300,900
42,14-07-2023,Female,48,Clothing,1,300,300
43,19-02-2023,Female,22,Clothing,1,25,25
44,03-07-2023,Female,55,Electronics,1,30,30
45,26-06-2023,Female,20,Electronics,4,300,1200
46,06-11-2023,Female,40,Beauty,3,500,1500
47,16-05-2023,Male,54,Electronics,3,300,900
48,23-01-2023,Female,54,Electronics,2,500,1000
49,24-08-2023,Female,27,Beauty,3,25,75
50,02-10-2023,Male,27,Beauty,3,25,75
51,05-03-2023,Female,36,Beauty,1,300,300
52,13-07-2023,Male,34,Electronics,2,50,100
53,10-02-2023,Female,38,Electronics,3,500,1500
54,10-10-2023,Male,31,Beauty,4,30,120
55,31-05-2023,Female,26,Clothing,3,300,900
56,18-11-2023,Female,63,Beauty,1,30,30
57,13-11-2023,Male,18,Clothing,4,300,1200
58,05-07-2023,Male,62,Clothing,1,50,50
59,23-10-2023,Male,30,Beauty,3,50,150
60,09-04-2023,Male,21,Beauty,4,50,200
61,27-12-2023,Male,18,Beauty,2,50,100
62,05-02-2023,Male,57,Electronics,2,25,50
63,24-01-2023,Male,49,Clothing,4,25,100
64,05-12-2023,Male,51,Electronics,4,500,2000
65,27-04-2023,Female,45,Electronics,1,30,30
66,29-05-2023,Female,48,Beauty,4,300,1200
67,10-02-2023,Male,25,Electronics,1,300,300
68,30-04-2023,Female,56,Beauty,3,25,75
69,21-02-2023,Female,43,Clothing,1,300,300
70,14-07-2023,Female,51,Beauty,4,25,100
71,23-05-2023,Female,20,Electronics,4,500,2000
72,21-08-2023,Male,29,Electronics,3,30,90
73,22-11-2023,Female,18,Beauty,4,500,2000
74,06-07-2023,Male,61,Beauty,4,50,200
75,25-03-2023,Female,22,Electronics,2,50,100
76,09-07-2023,Female,47,Clothing,2,50,100
77,01-07-2023,Female,47,Clothing,3,500,1500
78,18-04-2023,Male,34,Beauty,1,300,300
79,10-12-2023,Female,64,Clothing,2,30,60
80,17-05-2023,Male,40,Electronics,1,50,50
81,26-12-2023,Female,32,Beauty,4,50,200
82,16-12-2023,Male,54,Electronics,2,50,100
83,28-11-2023,Female,38,Electronics,3,30,90
84,06-02-2023,Male,31,Clothing,3,50,150
85,08-11-2023,Male,19,Beauty,3,30,90
86,22-11-2023,Female,28,Beauty,2,50,100
87,29-03-2023,Male,56,Clothing,1,500,500
88,01-10-2023,Female,55,Electronics,4,500,2000
89,06-05-2023,Female,51,Electronics,1,30,30
90,25-03-2023,Female,55,Electronics,1,500,500
91,25-08-2023,Female,51,Electronics,4,30,120
92,14-07-2023,Female,35,Beauty,4,500,2000
93,19-05-2023,Female,47,Beauty,2,500,1000
94,24-11-2023,Female,32,Clothing,2,30,60
95,19-12-2023,Female,44,Clothing,2,300,600
96,13-10-2023,Female,51,Beauty,2,500,1000
97,23-04-2023,Female,55,Beauty,2,50,100
98,17-12-2023,Female,50,Electronics,4,300,1200
99,16-06-2023,Male,41,Electronics,1,30,30
100,29-01-2023,Male,32,Clothing,2,300,600
101,28-04-2023,Female,47,Beauty,2,25,50
102,17-01-2023,Female,59,Clothing,1,25,25
103,11-06-2023,Female,34,Beauty,2,500,1000
104,25-07-2023,Female,22,Electronics,1,500,500
105,18-05-2023,Female,46,Clothing,1,50,50
106,03-02-2023,Female,21,Clothing,4,300,1200
107,19-04-2023,Female,27,Beauty,3,25,75
108,18-10-2023,Female,34,Electronics,4,500,2000
109,11-06-2023,Male,27,Clothing,3,300,900
110,19-04-2023,Female,34,Electronics,3,500,1500
111,02-12-2023,Male,37,Clothing,3,500,1500
112,13-09-2023,Female,41,Electronics,2,25,50
113,22-07-2023,Female,22,Beauty,4,25,100
114,26-11-2023,Male,51,Clothing,3,500,1500
115,23-08-2023,Female,23,Clothing,1,30,30
116,15-03-2023,Male,19,Electronics,2,500,1000
117,16-05-2023,Female,30,Electronics,4,500,2000
118,13-03-2023,Female,60,Clothing,3,50,150
119,07-05-2023,Male,60,Beauty,1,50,50
120,15-10-2023,Female,28,Electronics,4,50,200
121,03-10-2023,Male,64,Electronics,4,30,120
122,15-05-2023,Female,40,Electronics,2,30,60
123,27-10-2023,Male,33,Clothing,4,500,2000
124,08-08-2023,Male,48,Clothing,2,50,100
125,26-10-2023,Female,28,Clothing,3,30,90
126,24-07-2023,Female,33,Clothing,2,25,50
127,05-07-2023,Male,25,Beauty,1,500,500
128,23-04-2023,Female,21,Beauty,2,300,600
129,12-03-2023,Female,57,Clothing,1,500,500
130,18-09-2023,Female,21,Beauty,2,300,600
131,10-09-2023,Male,42,Electronics,4,50,200
132,16-02-2023,Male,20,Electronics,3,300,900
133,25-01-2023,Male,49,Electronics,1,50,50
134,26-02-2023,Male,20,Clothing,2,25,50
135,20-03-2023,Male,44,Electronics,2,300,600
136,18-11-2023,Male,46,Beauty,2,500,1000
137,23-03-2023,Male,49,Clothing,4,50,200
138,15-12-2023,Male,36,Beauty,4,500,2000
139,05-08-2023,Male,38,Electronics,1,30,30
140,02-11-2023,Female,22,Electronics,1,50,50
141,02-02-2023,Male,35,Electronics,4,300,1200
142,17-07-2023,Female,45,Clothing,1,50,50
143,15-07-2023,Female,59,Beauty,3,500,1500
144,02-11-2023,Female,39,Clothing,3,25,75
145,28-08-2023,Male,38,Clothing,4,50,200
146,28-09-2023,Male,23,Electronics,1,300,300
147,09-05-2023,Male,18,Clothing,2,30,60
148,11-10-2023,Male,22,Clothing,3,25,75
149,06-01-2023,Female,58,Electronics,4,30,120
150,15-12-2023,Male,29,Clothing,1,50,50
151,28-02-2023,Male,43,Electronics,4,500,2000
152,16-12-2023,Male,63,Electronics,2,500,1000
153,02-10-2023,Male,51,Electronics,3,300,900
154,17-05-2023,Male,31,Electronics,4,500,2000
155,25-11-2023,Female,43,Clothing,4,25,100
156,24-06-2023,Male,62,Electronics,4,500,2000
157,27-02-2023,Female,44,Electronics,2,300,600
158,31-05-2023,Male,26,Clothing,4,50,200
159,11-08-2023,Female,43,Clothing,2,50,100
160,22-03-2023,Male,64,Beauty,2,500,1000
161,21-08-2023,Male,39,Clothing,2,30,60
162,02-01-2023,Female,64,Clothing,3,50,150
163,15-05-2023,Female,47,Beauty,3,500,1500
164,14-09-2023,Female,60,Clothing,4,300,1200
165,02-04-2023,Male,34,Clothing,4,500,2000
166,17-09-2023,Female,43,Clothing,3,50,150
167,24-02-2023,Male,53,Clothing,1,300,300
168,17-11-2023,Male,18,Beauty,3,500,1500
169,02-06-2023,Female,25,Clothing,2,25,50
170,24-11-2023,Female,52,Clothing,3,300,900
171,17-09-2023,Male,32,Beauty,2,25,50
172,08-11-2023,Male,64,Electronics,4,30,120
173,12-04-2023,Female,39,Beauty,1,300,300
174,20-03-2023,Female,31,Electronics,4,25,100
175,11-07-2023,Female,43,Beauty,2,50,100
176,24-03-2023,Male,45,Beauty,2,50,100
177,04-10-2023,Male,40,Clothing,2,30,60
178,29-09-2023,Male,31,Electronics,1,300,300
179,01-01-2023,Male,41,Clothing,3,300,900
180,03-11-2023,Male,19,Electronics,4,300,1200
181,15-06-2023,Male,62,Beauty,4,30,120
182,08-09-2023,Female,43,Beauty,3,300,900
183,10-01-2023,Male,31,Electronics,4,50,200
184,27-02-2023,Male,24,Clothing,1,25,25
185,05-07-2023,Male,20,Clothing,4,50,200
186,07-06-2023,Female,64,Clothing,2,50,100
187,03-05-2023,Male,40,Clothing,3,25,75
188,30-01-2023,Male,63,Beauty,1,50,50
189,04-05-2023,Female,60,Beauty,3,30,90
190,18-10-2023,Male,64,Beauty,1,25,25
191,10-02-2023,Male,62,Beauty,2,50,100
192,13-02-2023,Male,35,Beauty,3,500,1500
193,06-09-2023,Male,55,Clothing,4,50,200
194,05-02-2023,Male,52,Clothing,1,30,30
195,30-09-2023,Female,32,Clothing,3,300,900
196,06-03-2023,Female,42,Clothing,4,50,200
197,07-03-2023,Female,54,Beauty,3,300,900
198,04-12-2023,Male,45,Beauty,3,500,1500
199,01-09-2023,Male,27,Beauty,3,50,150
200,09-10-2023,Male,56,Electronics,1,25,25
201,26-03-2023,Female,34,Clothing,4,300,1200
202,16-05-2023,Male,56,Clothing,2,500,1000
203,28-09-2023,Male,39,Beauty,1,25,25
204,07-11-2023,Female,43,Clothing,1,25,25
205,05-08-2023,Male,61,Clothing,1,25,25
206,19-04-2023,Female,42,Beauty,2,25,50
207,04-10-2023,Female,34,Electronics,4,50,200
208,20-12-2023,Female,30,Electronics,4,50,200
209,13-04-2023,Male,37,Electronics,4,50,200
210,01-01-2024,Male,42,Beauty,3,500,1500
211,09-06-2023,Male,21,Clothing,3,500,1500
212,24-07-2023,Male,27,Beauty,3,500,1500
213,10-12-2023,Male,20,Beauty,2,30,60
214,29-11-2023,Male,58,Clothing,3,500,1500
215,11-07-2023,Male,62,Electronics,2,50,100
216,13-08-2023,Female,35,Electronics,4,50,200
217,22-09-2023,Male,64,Beauty,3,30,90
218,20-08-2023,Female,53,Electronics,3,30,90
219,03-03-2023,Male,64,Beauty,1,500,500
220,07-05-2023,Male,39,Beauty,2,300,600
221,26-04-2023,Male,51,Clothing,4,30,120
222,02-02-2023,Female,64,Clothing,1,25,25
223,23-06-2023,Female,25,Clothing,1,50,50
224,11-01-2023,Female,57,Beauty,4,25,100
225,29-10-2023,Female,61,Clothing,1,50,50
226,11-10-2023,Male,36,Electronics,2,50,100
227,28-04-2023,Female,59,Electronics,2,30,60
228,29-10-2023,Male,58,Beauty,3,30,90
229,23-04-2023,Male,54,Beauty,1,25,25
230,04-01-2023,Female,23,Clothing,3,50,150
231,06-02-2023,Female,43,Beauty,1,25,25
232,29-12-2023,Female,51,Beauty,2,300,600
233,20-11-2023,Female,62,Electronics,2,25,50
234,31-01-2023,Female,23,Electronics,2,500,1000
235,28-04-2023,Female,54,Clothing,1,25,25
236,04-02-2023,Female,50,Beauty,2,500,1000
237,17-01-2023,Female,39,Beauty,1,500,500
238,19-06-2023,Male,38,Electronics,3,500,1500
239,06-02-2023,Female,23,Beauty,1,300,300
240,21-09-2023,Female,23,Electronics,3,25,75
241,02-05-2023,Male,21,Clothing,1,25,25
242,23-05-2023,Female,47,Electronics,3,300,900
243,09-12-2023,Male,28,Beauty,2,50,100
244,06-09-2023,Male,47,Clothing,3,30,90
245,20-04-2023,Female,48,Electronics,2,25,50
246,04-10-2023,Male,41,Electronics,2,30,60
247,09-03-2023,Male,26,Clothing,3,300,900
248,20-10-2023,Male,20,Clothing,1,50,50
249,23-10-2023,Male,48,Electronics,1,50,50
250,31-08-2023,Female,57,Beauty,4,50,200
251,05-05-2023,Male,54,Electronics,1,300,300
252,31-08-2023,Female,53,Clothing,4,500,2000
253,28-07-2023,Male,41,Electronics,1,500,500
254,08-04-2023,Male,48,Clothing,1,30,30
255,18-02-2023,Male,23,Clothing,2,500,1000
256,19-02-2023,Male,19,Beauty,4,500,2000
257,04-12-2023,Female,37,Clothing,1,50,50
258,09-08-2023,Female,45,Clothing,4,50,200
259,01-07-2023,Male,28,Beauty,2,30,60
260,05-08-2023,Male,21,Clothing,2,25,50
261,30-07-2023,Female,32,Beauty,4,30,120
262,28-08-2023,Male,23,Beauty,2,30,60
263,28-01-2023,Male,47,Clothing,3,300,900
264,11-12-2023,Male,55,Clothing,3,300,900
265,01-12-2023,Female,19,Electronics,2,30,60
266,27-11-2023,Female,32,Beauty,3,30,90
267,20-02-2023,Female,28,Electronics,1,30,30
268,01-02-2023,Male,25,Clothing,4,500,2000
269,26-07-2023,Male,43,Electronics,1,300,300
270,23-06-2023,Female,62,Beauty,4,30,120
271,25-02-2023,Female,61,Electronics,2,50,100
272,08-05-2023,Female,22,Beauty,1,50,50
273,09-04-2023,Female,23,Clothing,2,500,1000
274,08-04-2023,Male,43,Clothing,2,500,1000
275,02-10-2023,Female,21,Beauty,4,25,100
276,18-08-2023,Male,36,Clothing,4,25,100
277,13-03-2023,Female,37,Clothing,4,25,100
278,05-08-2023,Male,50,Clothing,1,500,500
279,04-04-2023,Female,37,Clothing,3,500,1500
280,23-05-2023,Female,29,Beauty,4,500,2000
281,25-08-2023,Female,64,Electronics,4,50,200
282,08-05-2023,Female,18,Electronics,1,500,500
283,08-02-2023,Male,43,Clothing,4,50,200
284,15-08-2023,Female,31,Electronics,1,25,25
285,09-10-2023,Male,55,Electronics,2,25,50
286,20-02-2023,Male,54,Clothing,4,25,100
287,26-01-2023,Male,28,Clothing,4,30,120
288,30-11-2023,Male,53,Electronics,2,30,60
289,04-10-2023,Female,30,Beauty,2,300,600
290,08-01-2023,Male,60,Clothing,2,300,600
291,17-02-2023,Male,20,Beauty,4,300,1200
292,02-05-2023,Male,50,Electronics,3,30,90
293,27-03-2023,Female,23,Clothing,3,30,90
294,28-07-2023,Female,27,Beauty,3,300,900
295,06-09-2023,Female,22,Clothing,4,300,1200
296,04-09-2023,Female,40,Electronics,2,500,1000
297,20-04-2023,Male,27,Beauty,4,300,1200
298,25-07-2023,Male,61,Electronics,2,500,1000
299,31-01-2023,Female,19,Electronics,4,50,200
300,26-03-2023,Male,30,Clothing,4,30,120
301,14-07-2023,Male,57,Beauty,2,300,600
302,02-01-2023,Male,19,Electronics,3,30,90
303,19-07-2023,Female,37,Electronics,2,30,60
304,16-05-2023,Female,18,Beauty,1,30,30
305,21-08-2023,Male,54,Electronics,1,50,50
306,27-05-2023,Female,26,Electronics,2,25,50
307,05-08-2023,Female,34,Beauty,4,300,1200
308,23-12-2023,Female,26,Beauty,1,25,25
309,12-10-2023,Female,28,Beauty,1,25,25
310,05-12-2023,Female,32,Beauty,4,25,100
311,07-09-2023,Male,41,Clothing,4,30,120
312,21-03-2023,Female,55,Beauty,3,500,1500
313,08-04-2023,Male,52,Clothing,4,30,120
314,01-06-2023,Male,47,Clothing,2,30,60
315,22-04-2023,Female,48,Clothing,2,25,50
316,30-01-2023,Male,22,Electronics,3,30,90
317,24-10-2023,Male,61,Clothing,1,25,25
318,05-10-2023,Male,31,Clothing,1,500,500
319,01-02-2023,Female,28,Electronics,4,300,1200
320,10-06-2023,Female,26,Electronics,2,25,50
321,30-01-2023,Male,51,Electronics,1,500,500
322,26-01-2023,Female,29,Beauty,3,300,900
323,27-10-2023,Female,52,Electronics,3,50,150
324,02-09-2023,Female,52,Electronics,2,25,50
325,15-09-2023,Female,18,Clothing,3,25,75
326,29-09-2023,Male,57,Electronics,3,50,150
327,22-03-2023,Male,39,Beauty,2,50,100
328,30-01-2023,Female,46,Electronics,4,25,100
329,18-09-2023,Female,25,Beauty,4,50,200
330,11-02-2023,Male,28,Electronics,3,30,90
331,06-04-2023,Male,58,Electronics,4,300,1200
332,05-02-2023,Female,54,Electronics,4,300,1200
333,01-11-2023,Male,31,Electronics,3,300,900
334,04-02-2023,Female,47,Beauty,4,30,120
335,12-12-2023,Female,52,Beauty,3,50,150
336,01-05-2023,Male,38,Clothing,1,500,500
337,26-07-2023,Male,54,Beauty,2,50,100
338,03-03-2023,Female,22,Electronics,2,25,50
339,19-10-2023,Female,36,Clothing,4,300,1200
340,07-05-2023,Male,31,Clothing,4,50,200
341,24-10-2023,Female,43,Clothing,4,500,2000
342,01-11-2023,Male,21,Electronics,2,25,50
343,21-01-2023,Female,42,Beauty,1,30,30
344,14-11-2023,Male,62,Electronics,1,30,30
345,11-02-2023,Male,59,Clothing,2,500,1000
346,03-08-2023,Male,42,Electronics,1,25,25
347,03-12-2023,Female,35,Electronics,2,300,600
348,26-10-2023,Female,57,Beauty,1,50,50
349,17-10-2023,Male,25,Beauty,3,25,75
350,25-09-2023,Female,56,Clothing,3,30,90
351,11-06-2023,Male,57,Electronics,2,500,1000
352,14-05-2023,Male,31,Electronics,1,500,500
353,15-04-2023,Female,49,Beauty,4,50,200
354,09-12-2023,Female,55,Electronics,1,500,500
355,10-06-2023,Male,50,Electronics,3,500,1500
356,03-05-2023,Female,40,Electronics,3,25,75
357,16-05-2023,Female,32,Beauty,1,300,300
358,22-07-2023,Male,50,Clothing,1,50,50
359,09-03-2023,Male,42,Clothing,4,25,100
360,10-12-2023,Female,34,Electronics,4,300,1200
361,27-11-2023,Male,50,Clothing,1,25,25
362,03-06-2023,Male,64,Beauty,1,25,25
363,23-08-2023,Female,19,Beauty,1,500,500
364,11-06-2023,Male,31,Clothing,1,300,300
365,07-02-2023,Male,57,Clothing,2,50,100
366,05-01-2023,Female,57,Electronics,1,50,50
367,23-08-2023,Female,56,Clothing,4,300,1200
368,15-11-2023,Male,23,Electronics,3,500,1500
369,16-10-2023,Male,23,Electronics,2,30,60
370,21-02-2023,Female,20,Beauty,1,25,25
371,07-02-2023,Female,24,Beauty,3,500,1500
372,03-10-2023,Female,25,Beauty,2,300,600
373,20-04-2023,Female,59,Beauty,3,25,75
374,17-09-2023,Male,32,Clothing,1,50,50
375,16-05-2023,Female,64,Beauty,1,30,30
376,09-03-2023,Female,46,Clothing,4,50,200
377,28-06-2023,Male,50,Beauty,1,300,300
378,05-02-2023,Female,47,Clothing,1,25,25
379,06-05-2023,Male,56,Electronics,2,300,600
380,09-07-2023,Female,44,Clothing,4,25,100
381,26-05-2023,Female,53,Clothing,2,500,1000
382,22-03-2023,Female,46,Beauty,3,30,90
383,13-08-2023,Male,55,Clothing,1,500,500
384,06-10-2023,Male,50,Electronics,3,500,1500
385,27-12-2023,Female,54,Electronics,2,300,600
386,04-06-2023,Male,44,Beauty,1,30,30
387,10-11-2023,Male,50,Electronics,1,25,25
388,01-12-2023,Male,21,Clothing,2,25,50
389,28-09-2023,Male,39,Electronics,2,50,100
390,05-01-2023,Male,19,Beauty,2,25,50
391,08-12-2023,Male,27,Clothing,2,300,600
392,11-10-2023,Female,22,Beauty,2,500,1000
393,03-06-2023,Female,27,Clothing,1,500,500
394,06-12-2023,Male,50,Electronics,2,500,1000
395,23-02-2023,Female,55,Beauty,1,30,30
396,10-03-2023,Female,30,Beauty,1,25,25
397,16-05-2023,Female,48,Clothing,2,300,600
398,01-03-2023,Female,64,Beauty,2,30,60
399,24-02-2023,Male,53,Clothing,4,50,200
400,11-10-2023,Female,62,Clothing,1,300,300
401,21-03-2023,Female,41,Clothing,2,300,600
402,20-05-2023,Male,32,Clothing,2,300,600
403,25-05-2023,Male,46,Electronics,2,500,1000
404,06-11-2023,Female,25,Clothing,4,300,1200
405,18-04-2023,Female,22,Beauty,4,25,100
406,25-06-2023,Female,46,Electronics,3,300,900
407,15-04-2023,Female,64,Beauty,1,500,500
408,18-12-2023,Female,21,Electronics,3,300,900
409,21-11-2023,Female,29,Clothing,2,50,100
410,16-05-2023,Male,62,Electronics,4,50,200
411,16-09-2023,Female,19,Electronics,4,500,2000
412,08-09-2023,Female,44,Beauty,3,25,75
413,09-05-2023,Male,48,Beauty,4,25,100
414,27-01-2023,Male,53,Clothing,2,30,60
415,17-02-2023,Male,53,Electronics,4,500,2000
416,21-11-2023,Male,43,Electronics,3,300,900
417,05-08-2023,Female,60,Electronics,2,500,1000
418,22-05-2023,Female,44,Clothing,3,30,90
419,23-01-2023,Female,22,Clothing,4,500,2000
420,02-01-2023,Female,37,Clothing,3,500,1500
421,20-06-2023,Female,28,Clothing,3,30,90
422,08-03-2023,Female,27,Clothing,1,25,25
423,23-11-2023,Male,57,Beauty,4,300,1200
424,15-05-2023,Female,55,Electronics,4,30,120
425,24-03-2023,Male,23,Electronics,3,50,150
426,15-08-2023,Male,25,Electronics,1,25,25
427,10-10-2023,Female,40,Electronics,4,50,200
428,28-12-2023,Male,64,Electronics,2,25,50
429,07-08-2023,Female,43,Electronics,3,300,900
430,15-10-2023,Male,63,Electronics,4,300,1200
431,05-01-2023,Female,60,Electronics,2,500,1000
432,27-02-2023,Male,29,Beauty,4,50,200
433,08-02-2023,Female,43,Electronics,2,25,50
434,20-12-2023,Female,30,Beauty,3,300,900
435,18-03-2023,Female,57,Clothing,4,30,120
436,07-10-2023,Female,35,Electronics,4,300,1200
437,19-01-2023,Female,42,Clothing,1,30,30
438,09-07-2023,Male,50,Clothing,3,25,75
439,26-10-2023,Male,64,Clothing,2,300,600
440,10-10-2023,Male,57,Beauty,4,300,1200
441,17-03-2023,Female,60,Clothing,4,25,100
442,09-08-2023,Male,29,Clothing,2,300,600
443,07-03-2023,Female,61,Clothing,3,30,90
444,22-01-2023,Female,53,Electronics,1,300,300
445,07-06-2023,Male,21,Electronics,1,50,50
446,06-07-2023,Male,22,Beauty,4,500,5000
447,21-01-2023,Female,54,Beauty,2,30,60
448,03-07-2023,Male,25,Electronics,4,50,200
449,18-04-2023,Female,59,Beauty,2,25,50
450,16-12-2023,Female,45,Electronics,1,30,30
451,08-05-2023,Female,48,Clothing,3,500,1500
452,08-12-2023,Female,26,Clothing,2,500,1000
453,22-02-2023,Female,46,Beauty,1,25,25
454,01-07-2023,Male,31,Electronics,4,25,100
455,14-10-2023,Male,57,Electronics,2,30,60
456,28-07-2023,Female,58,Beauty,3,300,900
457,14-11-2023,Female,39,Electronics,4,25,100
458,21-03-2023,Male,28,Clothing,4,300,1200
459,02-05-2023,Male,40,Beauty,1,50,50
460,25-03-2023,Female,18,Beauty,2,500,1000
461,01-04-2023,Male,63,Electronics,4,300,1200
462,31-07-2023,Female,54,Beauty,3,500,1500
463,13-01-2023,Male,38,Electronics,2,300,600
464,02-04-2023,Female,43,Electronics,3,50,150
465,20-06-2023,Male,63,Electronics,4,25,100
466,30-07-2023,Female,53,Electronics,3,50,150
467,09-12-2023,Male,40,Electronics,1,25,25
468,08-05-2023,Male,18,Beauty,3,25,75
469,17-05-2023,Female,57,Clothing,2,500,1000
470,23-03-2023,Male,32,Clothing,3,50,150
471,26-12-2023,Female,38,Beauty,3,300,900
472,25-02-2023,Male,64,Beauty,1,50,50
473,15-07-2023,Female,26,Clothing,3,500,1500
474,20-01-2023,Male,26,Clothing,3,25,75
475,29-08-2023,Female,27,Clothing,4,500,2000
476,24-04-2023,Male,43,Clothing,4,30,120
477,13-04-2023,Female,58,Clothing,2,30,60
478,24-08-2023,Male,52,Electronics,4,300,1200
479,29-06-2023,Female,42,Beauty,4,500,2000
480,06-06-2023,Female,43,Electronics,4,300,1200
481,27-04-2023,Female,28,Clothing,4,300,1200
482,25-04-2023,Male,55,Clothing,1,30,30
483,13-01-2023,Female,19,Clothing,4,300,1200
484,04-12-2023,Male,24,Electronics,1,30,30
485,09-04-2023,Female,35,Electronics,1,25,25
486,24-07-2023,Male,44,Clothing,4,500,2000
487,18-06-2023,Female,51,Electronics,3,300,900
488,23-05-2023,Male,44,Electronics,1,30,30
489,05-02-2023,Male,34,Clothing,3,50,150
490,23-05-2023,Female,60,Electronics,3,300,900
491,29-06-2023,Male,61,Beauty,4,25,100
492,25-11-2023,Male,41,Beauty,2,25,50
493,18-09-2023,Female,42,Beauty,4,50,200
494,24-07-2023,Male,24,Beauty,2,30,60
495,14-12-2023,Male,23,Clothing,2,300,600
496,02-10-2023,Male,41,Clothing,4,30,120
497,19-06-2023,Female,50,Clothing,4,25,100
498,15-01-2023,Male,46,Beauty,2,30,60
499,01-03-2023,Female,60,Beauty,4,25,100
500,14-05-2023,Male,39,Electronics,2,30,60
501,02-04-2023,Male,43,Electronics,3,50,150
502,25-10-2023,Male,45,Beauty,4,500,2000
503,16-05-2023,Female,38,Beauty,3,50,150
504,20-01-2023,Male,24,Beauty,1,50,50
505,25-02-2023,Male,34,Beauty,3,500,1500
506,02-11-2023,Female,37,Electronics,3,500,1500
507,11-08-2023,Male,58,Beauty,2,300,600
508,26-06-2023,Female,37,Electronics,3,300,900
509,10-06-2023,Female,39,Beauty,4,50,200
510,12-08-2023,Male,45,Beauty,2,50,100
511,07-11-2023,Female,57,Beauty,1,25,25
512,19-09-2023,Male,24,Electronics,4,25,100
513,01-03-2023,Female,18,Electronics,1,300,300
514,17-07-2023,Female,49,Clothing,3,300,900
515,23-10-2023,Male,30,Beauty,4,25,100
516,08-04-2023,Female,47,Clothing,4,25,100
517,11-05-2023,Female,40,Clothing,1,30,30
518,23-01-2023,Female,36,Electronics,4,30,120
519,29-12-2023,Female,49,Electronics,4,25,100
520,12-08-2023,Female,47,Clothing,4,30,120
521,01-01-2023,Male,46,Beauty,3,500,1500
522,24-09-2023,Female,62,Electronics,1,300,300
523,03-10-2023,Male,46,Beauty,4,300,1200
524,18-12-2023,Female,47,Beauty,2,25,50
525,10-12-2023,Male,33,Clothing,2,50,100
526,11-04-2023,Male,57,Clothing,2,25,50
527,06-07-2023,Female,36,Clothing,2,30,60
528,09-08-2023,Female,35,Clothing,3,50,150
529,05-02-2023,Female,18,Electronics,4,30,120
530,07-12-2023,Male,31,Electronics,1,500,500
531,19-06-2023,Female,64,Clothing,4,30,120
532,16-11-2023,Male,19,Electronics,3,500,1500
533,10-06-2023,Male,45,Clothing,2,500,1000
534,06-12-2023,Male,47,Beauty,3,30,90
535,05-03-2023,Female,55,Beauty,4,30,120
536,03-06-2023,Female,21,Beauty,1,500,500
537,17-09-2023,Male,18,Clothing,3,50,150
538,08-06-2023,Male,25,Beauty,1,500,500
539,08-12-2023,Female,46,Electronics,3,300,900
540,29-07-2023,Male,56,Beauty,1,500,500
541,17-06-2023,Female,20,Beauty,1,50,50
542,26-07-2023,Male,49,Beauty,2,300,600
543,23-12-2023,Female,27,Electronics,1,25,25
544,01-06-2023,Male,27,Clothing,2,25,50
545,11-10-2023,Female,36,Electronics,4,50,200
546,07-03-2023,Male,63,Clothing,4,500,2000
547,09-04-2023,Female,51,Clothing,2,30,60
548,04-08-2023,Female,50,Beauty,2,50,100
549,07-12-2023,Male,40,Clothing,3,300,900
550,14-07-2023,Male,45,Electronics,3,300,900
551,13-12-2023,Female,49,Electronics,3,25,75
552,31-03-2023,Male,24,Clothing,4,300,1200
553,12-11-2023,Female,46,Beauty,3,50,150
554,19-10-2023,Male,25,Beauty,1,300,300
555,04-06-2023,Female,18,Electronics,1,50,50
556,27-07-2023,Female,20,Beauty,3,30,90
557,08-10-2023,Female,41,Clothing,1,25,25
558,01-01-2023,Female,40,Clothing,4,300,1200
559,05-06-2023,Female,25,Electronics,1,50,50
560,27-05-2023,Female,64,Clothing,4,500,2000
561,18-04-2023,Male,54,Electronics,2,25,50
562,09-08-2023,Male,20,Clothing,2,30,60
563,24-10-2023,Male,50,Electronics,2,50,100
564,07-11-2023,Female,45,Beauty,2,30,60
565,02-12-2023,Female,64,Clothing,1,30,30
566,14-06-2023,Female,25,Clothing,3,300,900
567,27-08-2023,Female,51,Electronics,1,300,300
568,15-08-2023,Male,52,Electronics,4,50,200
569,15-08-2023,Male,49,Clothing,1,500,500
570,12-12-2023,Female,41,Electronics,1,50,50
571,20-04-2023,Male,31,Clothing,4,500,2000
572,19-09-2023,Male,49,Beauty,2,30,60
573,31-08-2023,Female,63,Electronics,2,25,50
574,28-03-2023,Male,60,Clothing,2,50,100
575,04-12-2023,Female,33,Beauty,3,50,150
576,13-02-2023,Male,21,Beauty,4,500,2000
577,26-05-2023,Female,54,Clothing,4,30,120
578,21-09-2023,Female,38,Electronics,1,30,30
579,06-12-2023,Female,31,Clothing,3,500,1500
580,21-11-2023,Female,48,Beauty,2,30,60
581,14-11-2023,Male,35,Clothing,3,300,900
582,21-06-2023,Female,24,Electronics,4,25,100
583,17-02-2023,Female,27,Beauty,4,50,200
584,01-05-2023,Female,24,Clothing,1,25,25
585,11-12-2023,Male,50,Electronics,1,50,50
586,08-06-2023,Female,40,Beauty,4,300,1200
587,26-04-2023,Male,38,Electronics,2,30,60
588,12-04-2023,Female,36,Beauty,2,500,1000
589,17-03-2023,Male,36,Clothing,3,300,900
590,13-01-2023,Male,53,Electronics,4,25,100
591,24-01-2023,Female,46,Beauty,4,500,2000
592,06-05-2023,Male,35,Electronics,2,30,60
593,01-09-2023,Female,19,Electronics,2,300,600
594,09-11-2023,Female,18,Clothing,4,500,2000
595,07-02-2023,Female,64,Electronics,1,300,300
596,22-08-2023,Male,22,Beauty,4,300,1200
597,01-08-2023,Male,37,Beauty,4,30,120
598,19-11-2023,Female,28,Beauty,2,50,100
599,22-10-2023,Female,59,Beauty,2,500,1000
600,10-04-2023,Male,19,Clothing,1,30,30
601,23-12-2023,Female,20,Electronics,1,300,300
602,16-07-2023,Female,40,Clothing,3,30,90
603,11-09-2023,Female,29,Electronics,4,50,200
604,24-07-2023,Male,37,Electronics,2,500,1000
605,05-05-2023,Male,22,Electronics,1,50,50
606,17-03-2023,Male,54,Clothing,3,25,75
607,02-12-2023,Female,55,Electronics,3,500,1500
608,19-12-2023,Female,47,Clothing,2,50,100
609,03-01-2023,Female,26,Beauty,2,300,600
610,24-02-2023,Male,51,Beauty,3,500,1500
611,06-08-2023,Female,61,Electronics,1,500,500
612,23-04-2023,Female,52,Clothing,3,30,90
613,01-04-2023,Female,39,Beauty,4,300,1200
614,23-12-2023,Female,61,Clothing,4,25,100
615,23-09-2023,Male,41,Clothing,2,50,100
616,26-08-2023,Male,34,Electronics,1,30,30
617,26-01-2023,Female,27,Beauty,1,50,50
618,13-10-2023,Male,47,Electronics,4,25,100
619,08-05-2023,Male,63,Electronics,3,25,75
620,04-03-2023,Female,40,Beauty,2,500,1000
621,22-08-2023,Female,49,Beauty,3,25,75
622,10-03-2023,Male,34,Clothing,3,50,150
623,26-08-2023,Female,34,Beauty,3,300,900
624,08-12-2023,Male,31,Clothing,1,300,300
625,29-09-2023,Female,26,Clothing,4,500,2000
626,14-10-2023,Male,57,Clothing,1,50,50
627,01-11-2023,Female,19,Beauty,4,50,200
628,12-06-2023,Male,62,Electronics,2,25,50
629,15-08-2023,Male,42,Clothing,2,50,100
630,10-11-2023,Male,56,Electronics,3,30,90
631,16-09-2023,Female,26,Electronics,4,25,100
632,07-08-2023,Male,39,Beauty,4,30,120
633,08-10-2023,Male,60,Electronics,4,500,2000
634,17-08-2023,Female,63,Electronics,3,300,900
635,23-03-2023,Female,21,Beauty,3,500,1500
636,01-09-2023,Male,43,Clothing,2,300,600
637,19-08-2023,Male,46,Electronics,1,500,500
638,13-05-2023,Female,62,Beauty,4,50,200
639,07-05-2023,Female,51,Electronics,4,30,120
640,23-11-2023,Female,40,Electronics,1,300,300
641,22-05-2023,Female,54,Clothing,4,25,100
642,24-09-2023,Female,28,Electronics,3,30,90
643,06-09-2023,Male,23,Beauty,3,25,75
644,17-11-2023,Female,35,Electronics,4,30,120
645,03-05-2023,Male,38,Clothing,3,30,90
646,21-05-2023,Male,59,Clothing,3,500,1500
647,14-08-2023,Male,53,Beauty,4,300,1200
648,09-02-2023,Female,58,Clothing,2,300,600
649,01-01-2024,Male,55,Electronics,1,30,30
650,27-05-2023,Male,51,Clothing,3,50,150
651,01-05-2023,Female,34,Beauty,2,50,100
652,20-05-2023,Male,54,Clothing,3,25,75
653,21-06-2023,Male,42,Clothing,3,25,75
654,13-06-2023,Female,55,Clothing,1,500,500
655,04-10-2023,Male,29,Beauty,3,30,90
656,11-02-2023,Male,40,Clothing,1,25,25
657,12-03-2023,Male,59,Clothing,1,25,25
658,19-03-2023,Female,39,Electronics,1,30,30
659,29-04-2023,Female,38,Beauty,2,500,1000
660,16-07-2023,Female,44,Clothing,4,25,100
661,22-12-2023,Male,48,Beauty,2,500,1000
662,20-03-2023,Male,23,Clothing,4,300,1200
663,28-12-2023,Female,44,Clothing,4,500,2000
664,20-04-2023,Male,57,Clothing,1,50,50
665,02-02-2023,Male,51,Electronics,3,50,150
666,01-08-2023,Female,29,Electronics,1,500,500
667,28-07-2023,Female,62,Electronics,3,50,150
668,19-06-2023,Male,24,Beauty,4,300,1200
669,05-10-2023,Male,27,Beauty,1,30,30
670,27-08-2023,Male,62,Electronics,3,50,150
671,01-08-2023,Female,34,Beauty,2,50,100
672,01-02-2023,Female,43,Clothing,3,500,1500
673,16-04-2023,Female,38,Clothing,1,300,300
674,04-08-2023,Female,45,Clothing,2,30,60
675,19-07-2023,Male,63,Electronics,3,500,1500
676,27-10-2023,Female,19,Beauty,3,500,1500
677,23-12-2023,Female,60,Electronics,3,300,900
678,11-01-2023,Female,18,Beauty,3,30,90
679,22-10-2023,Female,53,Clothing,3,300,900
680,14-07-2023,Female,43,Electronics,2,30,60
681,02-09-2023,Male,46,Beauty,4,300,1200
682,04-01-2023,Male,38,Beauty,2,500,1000
683,30-06-2023,Female,28,Clothing,2,500,1000
684,02-06-2023,Male,57,Electronics,2,25,50
685,19-07-2023,Female,28,Electronics,4,50,200
686,03-08-2023,Female,53,Electronics,1,300,300
687,03-10-2023,Male,56,Clothing,4,25,100
688,07-10-2023,Male,57,Electronics,2,50,100
689,05-11-2023,Female,52,Clothing,3,300,900
690,23-04-2023,Female,51,Clothing,3,30,90
691,07-09-2023,Female,64,Clothing,2,50,100
692,23-04-2023,Male,41,Beauty,3,500,1500
693,20-05-2023,Female,39,Electronics,2,25,50
694,12-08-2023,Female,22,Electronics,3,50,150
695,06-09-2023,Female,50,Clothing,4,50,200
696,15-01-2023,Male,53,Clothing,1,500,500
697,19-07-2023,Female,64,Electronics,1,300,300
698,22-06-2023,Female,37,Clothing,4,30,120
699,09-12-2023,Male,36,Electronics,4,500,2000
700,14-12-2023,Female,52,Beauty,2,30,60
701,27-07-2023,Female,60,Clothing,2,300,600
702,26-03-2023,Male,34,Electronics,2,50,100
703,28-08-2023,Female,62,Clothing,3,30,90
704,07-03-2023,Male,60,Electronics,2,25,50
705,15-11-2023,Male,51,Electronics,4,25,100
706,01-10-2023,Female,26,Clothing,1,500,500
707,14-01-2023,Female,43,Beauty,3,300,900
708,21-07-2023,Female,19,Electronics,2,500,1000
709,31-10-2023,Female,26,Electronics,3,500,1500
710,16-10-2023,Male,26,Electronics,3,500,1500
711,06-12-2023,Female,57,Beauty,2,25,50
712,14-01-2023,Male,34,Beauty,3,25,75
713,12-02-2023,Female,18,Clothing,1,500,500
714,26-11-2023,Female,42,Beauty,4,25,100
715,08-08-2023,Female,60,Clothing,4,300,1200
716,11-03-2023,Male,57,Clothing,1,500,500
717,25-08-2023,Female,59,Beauty,3,25,75
718,04-04-2023,Female,42,Clothing,2,30,60
719,26-01-2023,Female,56,Beauty,3,500,1500
720,14-05-2023,Female,52,Clothing,1,500,500
721,14-07-2023,Male,20,Beauty,3,300,900
722,17-06-2023,Female,54,Beauty,4,50,200
723,19-04-2023,Male,61,Clothing,3,50,150
724,21-08-2023,Male,61,Electronics,1,300,300
725,17-06-2023,Male,47,Clothing,4,300,1200
726,22-06-2023,Male,55,Beauty,3,300,900
727,14-07-2023,Male,51,Electronics,3,50,150
728,23-05-2023,Male,29,Clothing,4,300,1200
729,04-08-2023,Female,36,Clothing,2,25,50
730,10-05-2023,Male,54,Clothing,4,500,2000
731,11-02-2023,Male,61,Electronics,2,500,1000
732,29-08-2023,Male,34,Beauty,1,30,30
733,10-01-2023,Female,27,Clothing,1,30,30
734,04-10-2023,Female,64,Clothing,4,500,2000
735,27-01-2023,Male,29,Clothing,4,25,100
736,29-06-2023,Female,33,Clothing,1,50,50
737,25-04-2023,Male,41,Clothing,2,50,100
738,29-11-2023,Male,36,Beauty,1,25,25
739,05-02-2023,Female,25,Beauty,4,50,200
740,30-11-2023,Male,48,Clothing,1,300,300
741,21-01-2023,Female,38,Electronics,4,500,2000
742,16-01-2023,Female,34,Beauty,4,500,2000
743,07-05-2023,Male,40,Electronics,1,25,25
744,13-04-2023,Male,54,Beauty,2,50,100
745,11-01-2023,Female,33,Clothing,3,30,90
746,15-11-2023,Male,23,Beauty,1,30,30
747,20-03-2023,Male,25,Clothing,3,50,150
748,03-05-2023,Male,42,Beauty,1,30,30
749,06-03-2023,Female,35,Clothing,3,25,75
750,31-08-2023,Female,42,Clothing,2,25,50
751,09-12-2023,Male,29,Clothing,2,50,100
752,28-02-2023,Female,32,Clothing,1,30,30
753,16-10-2023,Female,43,Electronics,4,25,100
754,22-04-2023,Female,58,Clothing,3,25,75
755,27-08-2023,Female,62,Electronics,4,300,1200
756,25-12-2023,Female,43,Electronics,4,300,1200
757,12-05-2023,Male,64,Clothing,4,25,100
758,08-07-2023,Male,49,Electronics,2,50,100
759,27-03-2023,Male,27,Beauty,1,500,500
760,07-11-2023,Female,33,Clothing,1,500,500
761,07-11-2023,Female,24,Electronics,2,25,50
762,28-02-2023,Male,34,Clothing,2,25,50
763,25-03-2023,Female,40,Clothing,1,25,25
764,09-06-2023,Male,43,Clothing,4,50,200
765,25-02-2023,Male,38,Electronics,3,300,900
766,24-10-2023,Male,39,Beauty,3,25,75
767,14-01-2023,Female,24,Beauty,3,25,75
768,09-06-2023,Female,31,Electronics,4,30,120
769,22-10-2023,Male,32,Clothing,1,50,50
770,13-12-2023,Male,24,Electronics,2,25,50
771,12-07-2023,Male,26,Electronics,1,30,30
772,23-07-2023,Male,25,Electronics,4,500,2000
773,12-04-2023,Female,40,Clothing,2,25,50
774,08-02-2023,Female,46,Electronics,4,25,100
775,31-10-2023,Male,35,Clothing,3,30,90
776,20-12-2023,Male,48,Electronics,3,50,150
777,18-11-2023,Female,47,Beauty,4,25,100
778,05-05-2023,Female,56,Electronics,2,500,1000
779,22-02-2023,Male,52,Electronics,2,25,50
780,23-12-2023,Male,35,Beauty,1,500,500
781,04-06-2023,Male,59,Clothing,3,300,900
782,17-12-2023,Female,56,Clothing,1,300,300
783,04-11-2023,Female,34,Electronics,1,500,500
784,03-03-2023,Female,31,Beauty,4,50,200
785,17-10-2023,Male,48,Clothing,4,25,100
786,22-01-2023,Male,41,Electronics,1,25,25
787,27-06-2023,Female,52,Beauty,3,300,900
788,30-09-2023,Female,61,Clothing,4,500,2000
789,08-08-2023,Male,62,Clothing,1,25,25
790,05-12-2023,Female,51,Beauty,1,25,25
791,09-07-2023,Female,20,Beauty,1,50,50
792,05-02-2023,Male,54,Beauty,1,30,30
793,17-09-2023,Female,60,Beauty,1,300,300
794,28-11-2023,Male,57,Electronics,1,300,300
795,24-06-2023,Male,43,Beauty,4,30,120
796,07-01-2023,Male,40,Clothing,3,25,75
797,04-08-2023,Male,61,Clothing,1,50,50
798,08-09-2023,Male,56,Electronics,2,50,100
799,24-02-2023,Male,32,Clothing,4,300,1200
800,10-08-2023,Male,21,Clothing,4,50,200
801,05-07-2023,Female,46,Beauty,1,30,30
802,22-11-2023,Male,39,Clothing,4,25,100
803,24-08-2023,Male,42,Electronics,1,30,30
804,29-12-2023,Female,30,Beauty,3,500,1500
805,20-03-2023,Female,35,Beauty,3,300,900
806,11-08-2023,Female,50,Electronics,4,50,200
807,01-04-2023,Male,33,Beauty,4,500,2000
808,25-09-2023,Female,62,Beauty,2,50,100
809,30-11-2023,Male,59,Electronics,4,25,100
810,19-05-2023,Male,61,Beauty,2,25,50
811,12-11-2023,Male,19,Electronics,3,25,75
812,03-10-2023,Male,52,Electronics,3,50,150
813,05-09-2023,Female,59,Clothing,1,500,500
814,27-08-2023,Female,51,Clothing,3,25,75
815,12-08-2023,Male,47,Beauty,2,500,1000
816,31-10-2023,Male,30,Beauty,4,50,200
817,18-05-2023,Male,30,Electronics,1,500,500
818,15-06-2023,Female,35,Beauty,2,50,100
819,06-05-2023,Male,49,Electronics,4,50,200
820,14-02-2023,Male,49,Electronics,1,300,300
821,23-05-2023,Female,52,Beauty,3,50,150
822,19-08-2023,Female,56,Electronics,2,50,100
823,05-05-2023,Male,63,Clothing,4,30,120
824,26-08-2023,Female,46,Beauty,1,25,25
825,19-10-2023,Female,46,Clothing,1,300,300
826,09-11-2023,Male,61,Beauty,3,300,900
827,09-12-2023,Female,33,Electronics,4,300,1200
828,14-07-2023,Male,61,Beauty,3,30,90
829,22-06-2023,Female,64,Clothing,3,50,150
830,15-01-2023,Male,27,Electronics,4,25,100
831,11-09-2023,Male,47,Beauty,4,500,2000
832,16-06-2023,Male,42,Beauty,4,50,200
833,04-04-2023,Female,56,Beauty,2,30,60
834,07-09-2023,Male,37,Clothing,4,50,200
835,19-04-2023,Female,22,Clothing,1,50,50
836,01-07-2023,Male,18,Beauty,3,30,90
837,13-05-2023,Male,47,Electronics,2,300,600
838,24-06-2023,Female,20,Electronics,4,300,1200
839,24-05-2023,Male,62,Clothing,2,25,50
840,02-11-2023,Male,31,Electronics,4,25,100
841,26-12-2023,Female,47,Clothing,2,300,600
842,22-05-2023,Male,21,Beauty,3,500,1500
843,12-10-2023,Male,35,Clothing,3,50,150
844,06-01-2023,Male,54,Clothing,1,500,500
845,22-09-2023,Male,42,Beauty,1,50,50
846,08-04-2023,Female,18,Electronics,4,300,1200
847,13-02-2023,Female,63,Clothing,3,25,75
848,04-05-2023,Male,32,Clothing,2,25,50
849,28-07-2023,Female,26,Beauty,2,500,1000
850,08-09-2023,Male,32,Electronics,2,25,50
851,12-10-2023,Female,41,Clothing,1,300,300
852,04-05-2023,Male,21,Beauty,2,500,1000
853,20-12-2023,Male,29,Clothing,1,50,50
854,01-09-2023,Male,54,Beauty,1,25,25
855,27-11-2023,Male,54,Electronics,4,30,120
856,31-12-2023,Male,60,Electronics,2,25,50
857,09-09-2023,Male,23,Electronics,2,50,100
858,18-08-2023,Female,56,Electronics,3,500,1500
859,09-01-2023,Male,63,Clothing,4,50,200
860,17-02-2023,Female,41,Clothing,3,30,90
861,31-05-2023,Male,28,Electronics,4,300,1200
862,24-04-2023,Female,30,Electronics,2,25,50
863,27-07-2023,Female,51,Electronics,1,500,500
864,21-12-2023,Female,42,Clothing,1,300,300
865,05-05-2023,Male,24,Electronics,1,50,50
866,06-06-2023,Male,21,Electronics,1,500,500
867,06-12-2023,Female,25,Electronics,1,300,300
868,25-10-2023,Male,37,Beauty,3,500,1500
869,08-07-2023,Female,46,Electronics,4,30,120
870,31-08-2023,Male,62,Beauty,2,30,60
871,11-10-2023,Female,63,Beauty,3,25,75
872,29-09-2023,Female,27,Electronics,4,25,100
873,26-06-2023,Male,60,Beauty,1,30,30
874,06-08-2023,Female,51,Electronics,4,500,2000
875,09-10-2023,Male,43,Clothing,4,30,120
876,19-06-2023,Female,58,Clothing,1,25,25
877,30-06-2023,Female,20,Clothing,1,30,30
878,26-12-2023,Male,23,Clothing,1,30,30
879,21-08-2023,Male,22,Beauty,2,500,1000
880,19-05-2023,Male,22,Electronics,1,300,300
881,06-06-2023,Female,64,Electronics,2,25,50
882,09-05-2023,Male,40,Electronics,1,500,500
883,29-04-2023,Female,26,Clothing,2,30,60
884,03-03-2023,Female,52,Clothing,4,30,120
885,09-04-2023,Male,37,Electronics,3,300,900
886,11-06-2023,Male,59,Clothing,4,25,100
887,03-03-2023,Female,52,Electronics,4,25,100
888,02-10-2023,Female,35,Electronics,1,50,50
889,20-12-2023,Male,34,Electronics,2,25,50
890,05-04-2023,Male,41,Electronics,3,300,900
891,09-04-2023,Male,20,Electronics,1,50,50
892,21-04-2023,Male,49,Electronics,1,50,50
893,05-09-2023,Male,52,Electronics,1,30,30
894,22-05-2023,Female,55,Clothing,4,30,120
895,29-10-2023,Female,30,Electronics,2,25,50
896,26-09-2023,Female,64,Electronics,2,50,100
897,02-11-2023,Female,42,Clothing,3,30,90
898,25-05-2023,Male,26,Clothing,2,300,600
899,21-02-2023,Male,21,Clothing,2,30,60
900,10-04-2023,Male,31,Electronics,1,30,30
901,01-06-2023,Female,54,Beauty,1,50,50
902,27-04-2023,Female,51,Beauty,4,50,200
903,04-07-2023,Male,28,Clothing,1,500,500
904,02-04-2023,Male,58,Beauty,1,300,300
905,04-06-2023,Female,20,Clothing,1,50,50
906,08-01-2023,Female,45,Electronics,1,25,25
907,29-12-2023,Male,46,Beauty,4,300,1200
908,01-10-2023,Male,26,Electronics,1,300,300
909,06-03-2023,Female,20,Beauty,3,50,150
910,21-05-2023,Male,42,Electronics,3,300,900
911,24-01-2023,Male,51,Beauty,3,50,150
912,28-01-2023,Male,29,Electronics,3,30,90
913,11-10-2023,Female,59,Electronics,1,500,500
914,30-05-2023,Female,26,Beauty,3,30,90
915,24-12-2023,Female,32,Electronics,1,50,50
916,06-03-2023,Female,57,Electronics,4,50,200
917,23-11-2023,Female,42,Electronics,3,30,90
918,09-09-2023,Female,22,Beauty,2,25,50
919,22-02-2023,Female,28,Beauty,3,25,75
920,07-01-2023,Male,51,Electronics,3,25,75
921,21-10-2023,Male,41,Electronics,1,50,50
922,26-05-2023,Male,32,Beauty,3,300,900
923,29-08-2023,Male,55,Beauty,2,50,100
924,03-09-2023,Male,25,Electronics,1,300,300
925,14-08-2023,Male,22,Electronics,1,30,30
926,24-06-2023,Male,43,Electronics,4,500,2000
927,05-04-2023,Female,35,Clothing,4,300,1200
928,27-01-2023,Female,23,Beauty,3,25,75
929,10-05-2023,Male,54,Clothing,4,50,200
930,02-09-2023,Male,30,Beauty,4,30,120
931,28-02-2023,Female,45,Beauty,4,25,100
932,03-02-2023,Male,22,Beauty,1,30,30
933,25-07-2023,Male,30,Beauty,1,500,500
934,09-09-2023,Female,34,Beauty,1,50,50
935,07-02-2023,Male,57,Beauty,4,50,200
936,23-10-2023,Female,62,Beauty,1,500,500
937,19-11-2023,Male,49,Clothing,4,50,200
938,18-12-2023,Female,46,Electronics,1,300,300
939,28-01-2023,Female,20,Electronics,1,30,30
940,19-03-2023,Female,57,Clothing,2,25,50
941,18-03-2023,Male,51,Clothing,3,500,1500
942,16-10-2023,Female,57,Clothing,4,300,1200
943,05-06-2023,Male,44,Clothing,2,25,50
944,13-02-2023,Male,30,Beauty,1,25,25
945,08-05-2023,Male,62,Electronics,4,500,2000
946,02-03-2023,Male,50,Beauty,1,300,300
947,13-10-2023,Female,23,Electronics,3,25,75
948,02-08-2023,Female,41,Electronics,2,25,50
949,07-11-2023,Male,36,Clothing,3,300,900
950,02-11-2023,Male,33,Beauty,2,50,100
951,13-11-2023,Female,57,Clothing,1,25,25
952,26-04-2023,Male,45,Beauty,3,30,90
953,25-09-2023,Female,50,Electronics,3,300,900
954,14-07-2023,Male,58,Clothing,1,25,25
955,19-08-2023,Male,30,Clothing,3,500,1500
956,15-08-2023,Female,60,Electronics,4,30,120
957,02-06-2023,Male,62,Electronics,2,25,50
958,29-10-2023,Female,42,Electronics,2,30,60
959,08-08-2023,Male,59,Clothing,2,30,60
960,06-06-2023,Male,53,Beauty,4,50,200
961,19-10-2023,Male,44,Clothing,2,30,60
962,14-11-2023,Female,55,Beauty,1,50,50
963,31-01-2023,Male,24,Clothing,3,300,900
964,09-11-2023,Male,22,Clothing,4,50,200
965,20-02-2023,Male,60,Electronics,2,500,1000
966,17-04-2023,Male,62,Beauty,1,25,25
967,17-11-2023,Female,48,Clothing,3,300,900
968,19-04-2023,Female,40,Clothing,3,300,900
969,16-05-2023,Male,59,Electronics,4,500,2000
970,05-12-2023,Female,27,Electronics,4,50,200
971,11-02-2023,Male,49,Beauty,4,25,100
972,22-03-2023,Male,60,Clothing,1,50,50
973,03-05-2023,Male,47,Beauty,1,30,30
974,30-03-2023,Female,56,Clothing,4,50,200
975,10-10-2023,Female,48,Beauty,2,300,600
976,08-02-2023,Female,35,Electronics,3,25,75
977,22-03-2023,Female,53,Clothing,3,50,150
978,02-01-2023,Female,19,Beauty,1,25,25
979,29-07-2023,Female,31,Electronics,3,25,75
980,19-08-2023,Female,30,Electronics,2,30,60
981,19-12-2023,Female,46,Beauty,3,30,90
982,01-11-2023,Female,29,Clothing,1,300,300
983,29-08-2023,Male,56,Clothing,1,500,500
984,30-05-2023,Female,19,Electronics,2,25,50
985,17-01-2023,Female,49,Clothing,2,500,1000
986,29-04-2023,Female,30,Clothing,3,300,900
987,28-05-2023,Female,63,Clothing,3,25,75
988,28-12-2023,Female,44,Electronics,1,25,25
989,25-05-2023,Female,58,Beauty,2,500,1000
990,26-12-2023,Female,34,Clothing,2,50,100
991,21-08-2023,Female,57,Electronics,2,30,60
992,06-02-2023,Female,48,Electronics,3,50,150
993,18-12-2023,Female,51,Beauty,2,500,1000
994,30-04-2023,Female,41,Clothing,1,30,30
995,16-05-2023,Male,62,Clothing,1,50,50
996,17-11-2023,Male,52,Beauty,3,30,90
997,29-10-2023,Female,23,Beauty,4,25,100
998,05-12-2023,Female,36,Electronics,3,50,150
999,12-04-2023,Male,47,Electronics,4,30,120
